Time,Wind Dir NOAA,Wind Spd (mph) NOAA,Gust (mph) NOAA,Wave Ht (ft) NOAA,Wave Dir NOAA,Wave Per (s) NOAA,Swell Ht (ft) NOAA,Swell Dir NOAA,Swell Per (s) NOAA,Sec. Swell Ht (ft) NOAA,Sec. Swell Dir NOAA,Sec. Swell Per (s) NOAA,Water Temp (F) NOAA,Wind Wave Ht (ft) NOAA,Wind Wave Dir NOAA,Wind Wave Per (s) NOAA
2025-06-17 11:00 AM EDT,NE,1.01,1.14,3.51,SW,13.09,2.69,SW,6.78,2.03,SW,13.1,84.78,1.84,W,8.12
2025-06-17 12:00 PM EDT,N,1.25,1.66,3.48,SW,13.01,2.66,SW,6.78,2.03,SW,13.02,85.55,1.84,W,8.21
2025-06-17 01:00 PM EDT,NW,1.48,2.17,3.44,SW,12.92,2.59,SW,6.78,2.03,SW,12.93,86.32,1.8,W,8.3
2025-06-17 02:00 PM EDT,W,1.72,2.68,3.41,SW,12.84,2.56,SW,6.78,2.03,SW,12.85,87.12,1.8,W,8.39
2025-06-17 03:00 PM EDT,W,3.02,3.74,3.38,SW,12.8,2.49,SW,6.73,2.03,SW,12.81,86.92,1.77,W,8.48
2025-06-17 04:00 PM EDT,W,4.29,4.76,3.31,SW,12.75,2.43,SW,6.68,2.0,SW,12.76,86.74,1.77,W,8.57
2025-06-17 05:00 PM EDT,W,5.59,5.82,3.28,SW,12.71,2.36,SW,6.63,2.0,SW,12.72,86.54,1.74,W,8.66
2025-06-17 06:00 PM EDT,W,4.56,4.72,3.25,SW,12.69,2.3,SW,6.59,1.94,SW,12.7,85.41,1.64,W,7.99
2025-06-17 07:00 PM EDT,W,3.51,3.62,3.18,SW,12.66,2.23,SW,6.56,1.84,SW,12.67,84.25,1.54,W,7.32
2025-06-17 08:00 PM EDT,W,2.48,2.51,3.15,SW,12.64,2.17,SW,6.52,1.77,SW,12.65,83.12,1.41,W,6.65
2025-06-17 09:00 PM EDT,W,2.62,2.66,3.12,SW,12.61,2.2,SW,7.04,1.74,SW,12.63,83.05,1.31,W,5.98
2025-06-17 10:00 PM EDT,W,2.75,2.8,3.08,SW,12.59,2.2,SW,7.56,1.71,SW,12.6,82.98,1.21,W,5.32
2025-06-17 11:00 PM EDT,SW,2.89,2.95,3.05,SW,12.56,2.23,SW,8.08,1.67,SW,12.58,82.9,1.12,W,4.65
2025-06-18 12:00 AM EDT,W,2.91,2.95,3.02,SW,12.53,2.2,SW,8.33,1.64,SW,12.55,82.92,0.98,W,3.98
2025-06-18 01:00 AM EDT,W,2.95,2.93,2.99,SW,12.5,2.2,SW,8.57,1.57,SW,12.51,82.92,0.89,W,3.31
2025-06-18 02:00 AM EDT,W,2.98,2.93,2.95,SW,12.47,2.17,SW,8.82,1.54,SW,12.48,82.92,0.79,W,2.64
2025-06-18 03:00 AM EDT,NW,3.51,3.62,2.92,SW,12.43,2.13,SW,8.67,1.51,SW,12.44,82.9,1.21,W,4.42
2025-06-18 04:00 AM EDT,NW,4.03,4.32,2.89,SW,12.39,2.1,SW,8.53,1.51,SW,12.41,82.89,1.64,W,6.2
2025-06-18 05:00 AM EDT,NW,4.56,4.99,2.85,SW,12.35,2.07,SW,8.38,1.48,SW,12.37,82.87,2.07,W,7.98
2025-06-18 06:00 AM EDT,NW,3.51,3.83,2.82,SW,12.32,2.07,SW,8.33,1.44,SW,12.34,82.85,2.13,W,8.08
2025-06-18 07:00 AM EDT,NW,2.44,2.64,2.79,SW,12.29,2.03,SW,8.28,1.44,SW,12.31,82.85,2.23,W,8.18
2025-06-18 08:00 AM EDT,NW,1.39,1.45,2.76,SW,12.26,2.03,SW,8.23,1.41,SW,12.28,82.85,2.3,W,8.28
2025-06-18 09:00 AM EDT,NW,1.32,1.45,2.72,SW,12.24,2.0,SW,8.21,1.38,SW,12.26,83.14,2.1,W,6.88
2025-06-18 10:00 AM EDT,W,1.28,1.45,2.72,SW,12.21,1.97,SW,8.19,1.38,SW,12.23,83.41,1.94,W,5.47
2025-06-18 11:00 AM EDT,SW,1.21,1.43,2.69,SW,12.19,1.94,SW,8.17,1.35,SW,12.21,83.7,1.74,W,4.07
2025-06-18 12:00 PM EDT,SW,1.99,2.24,2.66,SW,12.15,1.94,SW,8.15,1.31,SW,12.17,84.38,1.71,W,4.54
2025-06-18 01:00 PM EDT,SW,2.8,3.02,2.66,SW,12.1,1.97,SW,8.13,1.31,SW,12.14,85.08,1.64,W,5.0
2025-06-18 02:00 PM EDT,SW,3.58,3.8,2.62,SW,12.06,1.97,SW,8.11,1.28,SW,12.1,85.77,1.61,W,5.47
2025-06-18 03:00 PM EDT,SW,4.16,4.23,2.62,SW,12.02,1.9,SW,8.16,1.25,SW,12.06,85.95,1.25,W,4.28
2025-06-18 04:00 PM EDT,SW,4.74,4.65,2.62,SW,11.97,1.8,SW,8.21,1.21,SW,12.01,86.11,0.89,W,3.09
2025-06-18 05:00 PM EDT,SW,5.32,5.08,2.62,SW,11.93,1.74,S,8.26,1.18,SW,11.97,86.27,0.52,W,1.9
2025-06-18 06:00 PM EDT,W,4.99,4.9,2.59,SW,12.55,1.71,S,8.3,1.18,SW,11.94,85.44,1.21,W,4.13
2025-06-18 07:00 PM EDT,W,4.68,4.7,2.59,SW,13.17,1.67,S,8.33,1.15,SW,11.9,84.6,1.9,W,6.37
2025-06-18 08:00 PM EDT,W,4.34,4.5,2.56,SW,13.79,1.64,S,8.37,1.15,SW,11.87,83.75,2.59,W,8.6
2025-06-18 09:00 PM EDT,W,4.85,5.1,2.56,SW,13.75,1.57,S,8.38,1.18,SW,10.87,83.46,2.56,W,8.58
2025-06-18 10:00 PM EDT,NW,5.39,5.68,2.53,SW,13.71,1.54,S,8.4,1.18,SW,9.87,83.16,2.56,W,8.55
2025-06-18 11:00 PM EDT,NW,5.91,6.26,2.53,SW,13.67,1.48,S,8.41,1.21,SW,8.87,82.85,2.53,W,8.53
2025-06-19 12:00 AM EDT,NW,5.48,5.84,2.49,SW,14.38,1.48,S,8.4,1.18,SW,7.82,82.85,2.62,W,8.5
2025-06-19 01:00 AM EDT,NW,5.08,5.41,2.49,SW,15.08,1.44,S,8.39,1.18,SW,6.78,82.83,2.69,W,8.48
2025-06-19 02:00 AM EDT,NW,4.65,4.99,2.46,SW,15.79,1.44,S,8.38,1.15,SW,5.73,82.83,2.79,W,8.45
2025-06-19 03:00 AM EDT,NW,4.83,5.08,2.46,SW,15.73,1.44,S,8.39,1.15,SW,5.84,82.85,2.92,W,8.43
2025-06-19 04:00 AM EDT,NW,5.01,5.19,2.43,SW,15.67,1.41,S,8.4,1.12,SW,5.95,82.87,3.05,W,8.42
2025-06-19 05:00 AM EDT,NW,5.19,5.28,2.43,SW,15.61,1.41,S,8.41,1.12,SW,6.06,82.89,3.18,W,8.4
2025-06-19 06:00 AM EDT,NW,5.01,5.19,2.43,SW,15.58,1.38,S,8.46,1.08,SW,6.19,82.87,3.22,W,8.4
2025-06-19 07:00 AM EDT,NW,4.83,5.08,2.4,SW,15.54,1.38,S,8.52,1.05,SW,6.32,82.87,3.25,W,8.39
2025-06-19 08:00 AM EDT,NW,4.65,4.99,2.4,SW,15.51,1.35,S,8.57,1.02,SW,6.45,82.85,3.28,W,8.39
2025-06-19 09:00 AM EDT,NW,4.03,4.7,2.4,SW,15.47,1.35,S,8.59,1.02,SW,9.43,83.21,3.18,W,8.36
2025-06-19 10:00 AM EDT,NW,3.42,4.41,2.36,SW,15.44,1.35,S,8.62,1.02,SW,12.42,83.57,3.12,W,8.34
2025-06-19 11:00 AM EDT,W,2.8,4.09,2.36,SW,15.4,1.35,S,8.64,1.02,SW,15.4,83.93,3.02,W,8.31
2025-06-19 12:00 PM EDT,W,4.27,5.28,2.36,SW,15.33,1.38,SW,8.38,1.05,SW,15.33,84.54,2.99,W,8.27
2025-06-19 01:00 PM EDT,W,5.75,6.44,2.36,SW,15.25,1.41,SW,8.12,1.05,SW,15.26,85.17,2.99,W,8.24
2025-06-19 02:00 PM EDT,W,7.23,7.61,2.36,SW,15.18,1.44,SW,7.86,1.08,SW,15.19,85.78,2.95,W,8.2
2025-06-19 03:00 PM EDT,W,7.85,8.08,2.36,SW,15.06,1.44,SW,7.83,1.15,SW,13.8,85.48,2.17,W,6.17
2025-06-19 04:00 PM EDT,W,8.5,8.55,2.36,SW,14.93,1.44,SW,7.81,1.21,SW,12.42,85.17,1.41,W,4.14
2025-06-19 05:00 PM EDT,W,9.13,9.04,2.36,SW,14.81,1.44,SW,7.78,1.28,W,11.03,84.87,0.62,W,2.11
2025-06-19 06:00 PM EDT,W,8.5,8.43,2.36,SW,14.75,1.44,SW,7.74,1.28,W,10.96,84.2,0.62,W,2.23
2025-06-19 07:00 PM EDT,W,7.87,7.83,2.36,SW,14.7,1.41,SW,7.71,1.25,W,10.9,83.53,0.66,W,2.36
2025-06-19 08:00 PM EDT,W,7.25,7.23,2.36,SW,14.64,1.41,SW,7.67,1.25,W,10.83,82.87,0.66,W,2.48
2025-06-19 09:00 PM EDT,W,6.53,6.62,2.36,SW,14.6,1.38,SW,7.65,1.28,W,10.79,82.85,0.66,W,2.47
2025-06-19 10:00 PM EDT,W,5.84,6.02,2.36,SW,14.57,1.38,SW,7.62,1.28,W,10.76,82.83,0.66,W,2.47
2025-06-19 11:00 PM EDT,W,5.12,5.39,2.36,SW,14.53,1.35,SW,7.6,1.31,W,10.72,82.8,0.69,W,2.46
2025-06-20 12:00 AM EDT,W,4.85,5.21,2.36,SW,14.5,1.38,SW,7.57,1.31,W,10.68,82.81,0.69,W,2.46
2025-06-20 01:00 AM EDT,W,4.59,5.03,2.36,SW,14.48,1.44,SW,7.53,1.31,W,10.65,82.83,0.69,W,2.45
2025-06-20 02:00 AM EDT,W,4.32,4.83,2.36,SW,14.45,1.48,SW,7.5,1.31,W,10.61,82.85,0.69,SW,2.45
2025-06-20 03:00 AM EDT,W,3.62,4.03,2.36,SW,14.42,1.44,SW,8.78,1.31,SW,10.58,82.85,0.69,SW,2.44
2025-06-20 04:00 AM EDT,W,2.95,3.2,2.36,SW,14.39,1.44,SW,10.07,1.28,SW,10.54,82.85,0.72,SW,2.44
2025-06-20 05:00 AM EDT,NW,2.26,2.39,2.36,SW,14.36,1.41,SW,11.35,1.28,SW,10.51,82.85,0.72,SW,2.43
2025-06-20 06:00 AM EDT,W,1.68,1.97,2.36,SW,14.31,1.41,SW,11.33,1.31,SW,10.47,82.87,0.72,SW,2.43
2025-06-20 07:00 AM EDT,SW,1.07,1.57,2.36,SW,14.27,1.41,SW,11.3,1.31,SW,10.44,82.89,0.72,SW,2.42
2025-06-20 08:00 AM EDT,SW,0.49,1.14,2.36,SW,14.22,1.41,SW,11.28,1.35,SW,10.4,82.9,0.72,SW,2.42
2025-06-20 09:00 AM EDT,S,1.59,2.06,2.36,SW,14.11,1.44,SW,11.24,1.35,SW,10.37,83.16,0.72,SW,2.41
2025-06-20 10:00 AM EDT,S,2.66,2.95,2.36,SW,14.01,1.44,SW,11.2,1.31,SW,10.34,83.39,0.75,SW,2.41
2025-06-20 11:00 AM EDT,S,3.76,3.87,2.36,SW,13.9,1.48,SW,11.16,1.31,SW,10.31,83.64,0.75,SW,2.4
